-- Adminer 4.7.5 MySQL dump

SET NAMES utf8;
SET time_zone = '+00:00';
SET foreign_key_checks = 0;
SET sql_mode = 'NO_AUTO_VALUE_ON_ZERO';

SET NAMES utf8mb4;

DROP TABLE IF EXISTS `amenities`;
CREATE TABLE `amenities` (
                           `id` int(11) NOT NULL AUTO_INCREMENT,
                           `amenity` varchar(200) COLLATE utf8mb4_unicode_ci NOT NULL,
                           `amenity_icon` varchar(200) COLLATE utf8mb4_unicode_ci NOT NULL,
                           PRIMARY KEY (`id`)
) ENGINE=InnoDB DEFAULT CHARSET=utf8mb4 COLLATE=utf8mb4_unicode_ci;

INSERT INTO `amenities` (`id`, `amenity`, `amenity_icon`) VALUES
(1,	'24-hour front desk',	'clock'),
(2,	'All Inclusive',	'utensils'),
(3,	'Basketball court',	'basketball-ball'),
(4,	'Beauty Saloon',	'spray-can'),
(5,	'Business center',	'business-time'),
(6,	'Car rental',	'car'),
(7,	'Casino',	'coins'),
(8,	'Children?s playroom',	'child'),
(9,	'Complimentary WiFi in public areas',	'signal-stream'),
(10,	'Concierge desk',	'chalkboard-teacher'),
(11,	'Conference facilities',	'projector'),
(12,	'Convention center',	'users'),
(13,	'Fitness room',	'running'),
(14,	'Golf course',	'golf-ball'),
(15,	'Laundry and Valet service',	'tshirt'),
(16,	'Lounge Room',	'couch'),
(17,	'Night club',	'compact-disc'),
(18,	'Pools',	'swimmer'),
(19,	'Private beach',	'umbrella-beach'),
(20,	'Sauna',	'hot-tub'),
(21,	'Shops',	'shopping-cart'),
(22,	'Spa',	'spa'),
(23,	'Tenis courts',	'table-tennis'),
(24,	'Theme restaurants',	'utensils'),
(25,	'Tours',	'bus');

DROP TABLE IF EXISTS `amenity_hotel`;
CREATE TABLE `amenity_hotel` (
                               `hotel_id` int(11) NOT NULL,
                               `amenity_id` int(11) NOT NULL,
                               PRIMARY KEY (`hotel_id`,`amenity_id`),
                               KEY `fk_amenity` (`amenity_id`),
                               CONSTRAINT `fk_amenity` FOREIGN KEY (`amenity_id`) REFERENCES `amenities` (`id`),
                               CONSTRAINT `fk_hotel` FOREIGN KEY (`hotel_id`) REFERENCES `hotels` (`id`)
) ENGINE=InnoDB DEFAULT CHARSET=utf8mb4 COLLATE=utf8mb4_unicode_ci;

INSERT INTO `amenity_hotel` (`hotel_id`, `amenity_id`) VALUES
(3,	1),
(3,	3),
(2,	4),
(3,	4),
(3,	5),
(3,	7),
(1,	8),
(2,	9),
(1,	10),
(3,	12),
(1,	13),
(3,	13),
(1,	15),
(2,	15),
(3,	16),
(3,	17),
(2,	19),
(2,	21),
(2,	22),
(2,	23),
(3,	23),
(3,	24);

DROP TABLE IF EXISTS `bookings`;
CREATE TABLE `bookings` (
                          `id` int(11) NOT NULL AUTO_INCREMENT,
                          `user_id` int(11) NOT NULL,
                          `room_id` int(11) NOT NULL,
                          `transaction_number` varchar(100) NOT NULL,
                          `room_cost` decimal(18,2) NOT NULL,
                          `total_fees` decimal(18,2) NOT NULL,
                          `total_tax` decimal(18,2) NOT NULL,
                          `total_cost` decimal(18,2) NOT NULL,
                          `payment_type` varchar(255) NOT NULL,
                          `adults` int(11) NOT NULL DEFAULT '1',
                          `children` int(11) NOT NULL DEFAULT '0',
                          `checkin_date` date DEFAULT NULL,
                          `checkout_date` date DEFAULT NULL,
                          `created_at` timestamp NULL DEFAULT CURRENT_TIMESTAMP,
                          `updated_at` timestamp NULL DEFAULT CURRENT_TIMESTAMP ON UPDATE CURRENT_TIMESTAMP,
                          PRIMARY KEY (`id`),
                          KEY `fk_booking_room` (`room_id`),
                          KEY `fb_booking_user` (`user_id`),
                          CONSTRAINT `fb_booking_user` FOREIGN KEY (`user_id`) REFERENCES `users` (`id`),
                          CONSTRAINT `fk_booking_room` FOREIGN KEY (`room_id`) REFERENCES `rooms` (`id`)
) ENGINE=InnoDB DEFAULT CHARSET=utf8mb4 COMMENT='table that manages booking of the system';

INSERT INTO `bookings` (`id`, `user_id`, `room_id`, `transaction_number`, `room_cost`, `total_fees`, `total_tax`, `total_cost`, `payment_type`, `adults`, `children`, `checkin_date`, `checkout_date`, `created_at`, `updated_at`) VALUES
(1,	1,	2,	'14252',	1200.00,	3600.00,	468.00,	4068.00,	'Card',	1,	0,	'2019-12-18',	'2019-12-31',	'2019-12-10 12:50:23',	'2019-12-11 06:04:26'),
(5,	1,	1,	'14267',	1200.00,	1200.00,	156.00,	1356.00,	'Card',	2,	0,	'2019-12-19',	'2019-12-20',	'2019-12-13 05:00:35',	'2019-12-13 05:00:35'),
(6,	7,	2,	'14287',	1200.00,	6000.00,	780.00,	6780.00,	'Card',	2,	0,	'2019-12-12',	'2019-12-17',	'2019-12-13 04:38:14',	'2019-12-13 04:38:14'),
(7,	1,	5,	'14289',	800.00,	800.00,	104.00,	904.00,	'Card',	1,	0,	'2019-12-20',	'2019-12-21',	'2019-12-13 06:57:35',	'2019-12-13 06:57:35'),
(8,	13,	2,	'14313',	1200.00,	32400.00,	4212.00,	36612.00,	'Card',	1,	0,	'2020-02-19',	'2020-03-17',	'2019-12-13 17:41:50',	'2019-12-13 17:41:50'),
(9,	11,	1,	'14315',	1197.00,	3591.00,	466.83,	4057.83,	'Card',	2,	0,	'2019-12-13',	'2019-12-16',	'2019-12-13 17:42:49',	'2019-12-13 17:42:49'),
(10,	13,	3,	'14316',	1200.00,	38400.00,	4992.00,	43392.00,	'Card',	2,	0,	'2019-12-19',	'2020-01-20',	'2019-12-13 17:42:50',	'2019-12-13 17:42:50'),
(11,	13,	2,	'14319',	1200.00,	3600.00,	468.00,	4068.00,	'Card',	900000,	0,	'2020-01-13',	'2020-01-16',	'2019-12-13 17:44:24',	'2019-12-13 17:44:24'),
(12,	12,	7,	'14321',	800.00,	4800.00,	624.00,	5424.00,	'Card',	1,	0,	'2019-12-30',	'2020-01-05',	'2019-12-13 17:46:56',	'2019-12-13 17:46:56');

DROP TABLE IF EXISTS `failed_jobs`;
CREATE TABLE `failed_jobs` (
                             `id` bigint(20) unsigned NOT NULL AUTO_INCREMENT,
                             `connection` text COLLATE utf8mb4_unicode_ci NOT NULL,
                             `queue` text COLLATE utf8mb4_unicode_ci NOT NULL,
                             `payload` longtext COLLATE utf8mb4_unicode_ci NOT NULL,
                             `exception` longtext COLLATE utf8mb4_unicode_ci NOT NULL,
                             `failed_at` timestamp NOT NULL DEFAULT CURRENT_TIMESTAMP,
                             PRIMARY KEY (`id`)
) ENGINE=InnoDB DEFAULT CHARSET=utf8mb4 COLLATE=utf8mb4_unicode_ci;


DROP TABLE IF EXISTS `features`;
CREATE TABLE `features` (
                          `id` int(11) NOT NULL AUTO_INCREMENT,
                          `feature` varchar(255) NOT NULL,
                          `feature_icon` varchar(150) DEFAULT NULL,
                          `created_at` timestamp NULL DEFAULT CURRENT_TIMESTAMP,
                          `updated_at` timestamp NULL DEFAULT CURRENT_TIMESTAMP ON UPDATE CURRENT_TIMESTAMP,
                          PRIMARY KEY (`id`)
) ENGINE=InnoDB DEFAULT CHARSET=utf8mb4;

INSERT INTO `features` (`id`, `feature`, `feature_icon`, `created_at`, `updated_at`) VALUES
(1,	'24 Hour Housekeeping',	'door-closed',	'2019-11-26 15:35:34',	'2019-12-10 00:13:52'),
(2,	'250 thread count sheets',	'file-alt',	'2019-11-26 15:35:34',	'2019-12-10 00:01:39'),
(3,	'32-inch HDTV',	'tv',	'2019-11-26 15:35:34',	'2019-12-10 01:31:57'),
(4,	'Air conditioning',	'fan',	'2019-11-26 15:35:34',	'2019-12-09 23:58:44'),
(5,	'Bath slippers',	'blanket',	'2019-11-26 15:35:34',	'2019-12-09 23:57:52'),
(6,	'Bathrobe',	'tshirt',	'2019-11-26 15:35:34',	'2019-12-09 23:56:16'),
(7,	'Alarm Clock Radio w/ MP3 Connection',	'radio',	'2019-11-26 15:35:34',	'2019-12-09 23:48:37'),
(8,	'DVD/CD Player',	'compact-disc',	'2019-11-26 15:35:34',	'2019-12-10 01:37:39'),
(9,	'Electronic Locks',	'fingerprint',	'2019-11-26 15:35:34',	'2019-12-09 23:46:55'),
(10,	'Ergonomic Desk Chair',	'chair',	'2019-11-26 15:35:34',	'2019-12-09 23:46:17'),
(11,	'Evening Room Service Available',	'clock',	'2019-11-26 15:35:34',	'2019-12-09 23:45:36'),
(12,	'Feather Pillows Non Allergenic',	'blanket',	'2019-11-26 15:35:34',	'2019-12-09 23:45:00'),
(13,	'Hairdryer',	'wind',	'2019-11-26 15:35:34',	'2019-12-10 01:39:16'),
(14,	'Hand-held shower',	'shower',	'2019-11-26 15:35:34',	'2019-12-09 23:42:21'),
(15,	'High Speed Internet Access',	'wifi',	'2019-11-26 15:35:34',	'2019-12-09 23:41:38'),
(16,	'Serenity Bed',	'procedures',	'2019-11-26 15:35:34',	'2019-12-09 23:41:04'),
(17,	'In-Suite Coffee/Welcome Caddy',	'mug-hot',	'2019-11-26 15:35:34',	'2019-12-09 23:40:29'),
(18,	'Iron/ironing board',	'tshirt',	'2019-11-26 15:35:34',	'2019-12-09 23:39:48'),
(19,	'Mini bar',	'wine-bottle',	'2019-11-26 15:35:34',	'2019-12-09 23:24:23'),
(20,	'On-Demand Movies',	'film',	'2019-11-26 15:35:34',	'2019-12-09 23:23:21'),
(21,	'Private Jacuzzi',	'hot-tub',	'2019-11-26 15:35:34',	'2019-12-09 23:22:44'),
(22,	'Safe',	'user-hard-hat',	'2019-11-26 15:35:34',	'2019-12-09 23:21:53'),
(23,	'Seating area with sofa',	'couch',	'2019-11-26 15:35:34',	'2019-12-09 23:19:32'),
(24,	'Telephone - Auto Wakeup',	'phone.png',	'2019-11-26 15:35:34',	'2019-11-26 15:35:34'),
(25,	'Telephone - in Bath',	'phone-volume',	'2019-11-26 15:35:34',	'2019-12-09 23:05:18'),
(26,	'Thermostat (adjustable)',	'snowflake',	'2019-11-26 15:35:34',	'2019-12-09 23:03:38'),
(27,	'Welcome Amenity',	'cocktail',	'2019-11-26 15:35:34',	'2019-12-09 23:02:17'),
(28,	'Work Desk with Adjustable Lamp',	'briefcase',	'2019-11-26 15:35:34',	'2019-12-09 23:08:47'),
(29,	'Workstation',	'tv',	'2019-11-26 15:35:34',	'2019-12-09 22:31:57');

DROP TABLE IF EXISTS `feature_room`;
CREATE TABLE `feature_room` (
                              `room_id` int(11) NOT NULL,
                              `feature_id` int(11) NOT NULL,
                              PRIMARY KEY (`room_id`,`feature_id`),
                              KEY `fk_feature_room_room` (`room_id`),
                              KEY `fk_feature_room_feature` (`feature_id`),
                              CONSTRAINT `fk_feature_room_feature` FOREIGN KEY (`feature_id`) REFERENCES `features` (`id`),
                              CONSTRAINT `fk_feature_room_room` FOREIGN KEY (`room_id`) REFERENCES `rooms` (`id`)
) ENGINE=InnoDB DEFAULT CHARSET=utf8mb4 COMMENT='create table';

INSERT INTO `feature_room` (`room_id`, `feature_id`) VALUES
(1,	3),
(1,	6),
(1,	8),
(2,	3),
(2,	6),
(2,	8),
(3,	3),
(3,	6),
(3,	8),
(4,	3),
(4,	6),
(4,	8),
(5,	3),
(5,	6),
(5,	8),
(6,	3),
(6,	6),
(6,	8),
(7,	3),
(7,	6),
(7,	8),
(8,	3),
(8,	6),
(8,	8),
(9,	3),
(9,	6),
(9,	8),
(10,	3),
(10,	6),
(10,	8),
(11,	3),
(11,	6),
(11,	8),
(12,	3),
(12,	6),
(12,	8),
(13,	3),
(13,	6),
(13,	8),
(14,	3),
(14,	6),
(14,	8),
(15,	3),
(15,	6),
(15,	8),
(16,	3),
(16,	6),
(16,	8),
(17,	3),
(17,	6),
(17,	8),
(18,	3),
(18,	6),
(18,	8),
(19,	3),
(19,	6),
(19,	8),
(20,	3),
(20,	6),
(20,	8),
(21,	3),
(21,	6),
(21,	8),
(22,	3),
(22,	6),
(22,	8),
(23,	3),
(23,	6),
(23,	8),
(24,	3),
(24,	6),
(24,	8),
(25,	3),
(25,	6),
(25,	8),
(26,	3),
(26,	6),
(26,	8),
(27,	3),
(27,	6),
(27,	8),
(28,	3),
(28,	6),
(28,	8),
(29,	3),
(29,	6),
(29,	8),
(30,	3),
(30,	6),
(30,	8),
(31,	3),
(31,	6),
(31,	8),
(32,	3),
(32,	6),
(32,	8),
(33,	3),
(33,	6),
(33,	8),
(34,	3),
(34,	6),
(34,	8),
(35,	3),
(35,	6),
(35,	8),
(36,	3),
(36,	6),
(36,	8),
(37,	3),
(37,	6),
(37,	8),
(38,	3),
(38,	6),
(38,	8),
(39,	3),
(39,	6),
(39,	8),
(40,	3),
(40,	6),
(40,	8),
(41,	3),
(41,	6),
(41,	8),
(42,	3),
(42,	6),
(42,	8),
(43,	3),
(43,	6),
(43,	8),
(44,	3),
(44,	6),
(44,	8),
(45,	3),
(45,	6),
(45,	8),
(46,	3),
(46,	6),
(46,	8),
(47,	3),
(47,	6),
(47,	8),
(48,	3),
(48,	6),
(48,	8),
(49,	3),
(49,	6),
(49,	8),
(50,	3),
(50,	6),
(50,	8),
(51,	3),
(51,	6),
(51,	8),
(52,	3),
(52,	6),
(52,	8),
(53,	3),
(53,	6),
(53,	8),
(54,	3),
(54,	6),
(54,	8),
(55,	3),
(55,	6),
(55,	8),
(56,	3),
(56,	6),
(56,	8),
(57,	3),
(57,	6),
(57,	8),
(58,	3),
(58,	6),
(58,	8),
(59,	3),
(59,	6),
(59,	8),
(60,	3),
(60,	6),
(60,	8),
(67,	4),
(68,	2),
(68,	4);

DROP TABLE IF EXISTS `hotels`;
CREATE TABLE `hotels` (
                        `id` int(11) NOT NULL AUTO_INCREMENT,
                        `name` varchar(255) NOT NULL,
                        `slug` varchar(255) NOT NULL,
                        `description` text NOT NULL,
                        `location_id` int(11) NOT NULL,
                        `address` varchar(500) NOT NULL,
                        `postal_code` varchar(20) NOT NULL,
                        `phone_number` varchar(20) DEFAULT NULL,
                        `checkin_time` time NOT NULL,
                        `checkout_time` time NOT NULL,
                        `airport_distance` varchar(255) NOT NULL,
                        `airport_transportation` varchar(255) NOT NULL,
                        `pet_friendly` tinyint(1) NOT NULL,
                        `deleted_at` timestamp NULL DEFAULT NULL,
                        `created_at` timestamp NULL DEFAULT CURRENT_TIMESTAMP,
                        `updated_at` timestamp NULL DEFAULT CURRENT_TIMESTAMP ON UPDATE CURRENT_TIMESTAMP,
                        PRIMARY KEY (`id`),
                        KEY `fk_hotel_location` (`location_id`)
) ENGINE=InnoDB DEFAULT CHARSET=utf8mb4 COMMENT='Table that manages all the information regarding hotel basic info';

INSERT INTO `hotels` (`id`, `name`, `slug`, `description`, `location_id`, `address`, `postal_code`, `phone_number`, `checkin_time`, `checkout_time`, `airport_distance`, `airport_transportation`, `pet_friendly`, `deleted_at`, `created_at`, `updated_at`) VALUES
(1,	'Royalton Hicacos Resort & Spa',	'royalton-hicacos-resort-spa',	'Location\r\nLocated in the Saligao area of Goa, the warm rooms of the Calangute is not too far from the sea beaches. People can visit the Mojo Play Zone located on the way to the beach. The Calangute Police Station is in close vicinity.\r\nSpecial Features\r\nThe rooms of the Calangute are large, spacious and airy. The paints on the wall are bright and charge points are available beside the headboards. The lawn outside the hotel offers a wonderful seating area. One can even enjoy a game of billiards during their stay here.\r\n\r\nAmenities\r\nThe visitors can enjoy AC, TV and the warmth of a queen-sized bed in the rooms of the Calangute. The swimming pool in the place is another wonderful addition to the bright aura. The place is protected by the strict surveillance of CCTV cameras.\r\n\r\nWhat\'s Nearby\r\nIf people want something more than the in-house restaurant available here, people can dine at the Saligao Stories, Foxes Fiesta, K.G.N. Family Restaurant, Cafe Sussegado Souza or the Domino\'s Pizza.',	1,	'Carretera Las Morlas Km. 15',	'12345',	'+53 45 668844',	'00:00:00',	'15:00:00',	'35.00',	'0.00',	1,	NULL,	'2019-11-26 16:51:58',	'2019-12-05 21:54:18'),
(2,	'One&Only Reethi Rah',	'one-only-reethi-rah',	'Hotel is a comfortable, modern and Budgeted property located in Panjim. Tourist attractions nearby include Dona Paula View Point, Samad Fishery, Bridge Panji and Goa State Museum. Several beaches including Sinquerim Beach, Candolim Beach and Calangute Beach too are nearby.\r\n\r\nSpecial Features\r\n\r\nThe property has a traditional facade complete with balconies and a sloping roof. The rooms are bright, sunny and airy with a classic design. Some of the rooms have a balcony offering a place to sit and observe the area and its hustlebustle.\r\n\r\nAmenities\r\nThe hotel offers amenities like free WiFi and comfortable rooms offering a twinsingle bed, TV, AC, wardrobe and hygienic bathrooms with geysers.\r\n\r\nWhat\'s Nearby\r\nThe property has a number of restaurants close by offering various cuisines. Some of the popular ones are Route 66, Ritz Classic Restaurant and Bar, The Black Sheep Bistro, Viva Panjim, Kokni Kanteen and The Fisherman\'s Wharf Panjim.',	2,	'Reethi Rah, Reethi Rah',	'847923',	'+960 664-8800',	'00:00:00',	'16:00:00',	'150.00',	'0.00',	0,	NULL,	'2019-11-26 16:55:22',	'2019-12-05 21:50:48'),
(3,	'Barceló Maya Tropical',	'barcelo-maya-tropical',	'Barceló Maya Tropical with its cosy rooms and sundry outlook. sits on the banks of the Nerul River. The Chamundeshwari Petrol Pump lies near the place. People can even visit Our Lady of Remedios Church.\r\nSpecial Features\r\nThe balconies of the rooms offer mesmerising views of rows of coconut trees speckled with a few small structures. The rooms look very comfortable with glossy beddings and drapes. The rooms and balconies have a mixed outlook of traditional designs with a modern touch.\r\n\r\nAmenities\r\nThe rooms of Hotel Goa\'s Pearl offers a TV, geyser, AC and mini-fridge. The place has a small swimming pool that is set in the courtyard and offers a cool place to chill out. The dining area of the place also needs special mentioning.\r\n\r\nWhat\'s Nearby\r\nIn addition to the in-house restaurant, people can even dine at the Bhatti Village Family Restaurant, The Lazy Goose or the River Side Family Restaurant.',	3,	'Carretera Chetumal Puerto Juárez, Riviera Maya',	'77750',	'+52 984 875 1500',	'11:00:00',	'15:00:00',	'27.00',	'0.00',	0,	NULL,	'2019-11-26 16:58:42',	'2019-12-05 21:53:15'),
(4,	'Test Hotel',	'test-hotel',	'This is a test Hotel updated',	2,	'15 Yemen Street, Yemen',	'R3C 1L4',	'(204) 869-8713',	'11:00:00',	'17:00:00',	'13.00',	'15.00',	0,	NULL,	'2019-12-03 12:13:00',	'2019-12-05 16:49:03'),
(5,	'Test Hotel',	'test-hotel-1',	'Cviebrock',	1,	'515 Portage Ave',	'R3B 2E9',	'0433264879',	'11:00:00',	'11:00:00',	'12.00',	'14.00',	0,	'2019-12-05 22:55:00',	'2019-12-05 22:50:18',	'2019-12-05 22:55:00'),
(6,	'Test Hotel',	'test-hotel-1',	'Test Description',	1,	'595 Test Avenue',	'R3L03E',	'2322222222',	'23:15:00',	'23:15:00',	'',	'',	0,	'2019-12-13 05:18:20',	'2019-12-13 05:16:50',	'2019-12-13 05:18:20'),
(7,	'Test Hotel1',	'test-hotel1',	'Test Hotel1',	1,	'Test Location',	'R3L0E6',	'2044303747',	'09:45:00',	'09:45:00',	'',	'',	0,	'2019-12-13 20:02:29',	'2019-12-13 15:45:16',	'2019-12-13 20:02:29');

DROP TABLE IF EXISTS `hotel_image`;
CREATE TABLE `hotel_image` (
                             `hotel_id` int(11) NOT NULL,
                             `image_id` int(11) NOT NULL,
                             PRIMARY KEY (`hotel_id`,`image_id`),
                             KEY `fk_hotel_images_hotel` (`hotel_id`),
                             KEY `fk_hotel_images_image` (`image_id`),
                             CONSTRAINT `fk_hotel_images_hotel` FOREIGN KEY (`hotel_id`) REFERENCES `hotels` (`id`),
                             CONSTRAINT `fk_hotel_images_image` FOREIGN KEY (`image_id`) REFERENCES `images` (`id`)
) ENGINE=InnoDB DEFAULT CHARSET=utf8mb4;

INSERT INTO `hotel_image` (`hotel_id`, `image_id`) VALUES
(1,	4),
(1,	5),
(1,	6),
(1,	7),
(2,	8),
(2,	9),
(2,	10),
(2,	11),
(3,	12),
(3,	13),
(3,	14),
(3,	15);

DROP TABLE IF EXISTS `images`;
CREATE TABLE `images` (
                        `id` int(11) NOT NULL AUTO_INCREMENT,
                        `file_name` varchar(255) NOT NULL,
                        `is_featured` tinyint(1) NOT NULL DEFAULT '0' COMMENT '0: No | 1: Yes',
                        `created_at` timestamp NULL DEFAULT CURRENT_TIMESTAMP,
                        PRIMARY KEY (`id`)
) ENGINE=InnoDB DEFAULT CHARSET=utf8mb4;

INSERT INTO `images` (`id`, `file_name`, `is_featured`, `created_at`) VALUES
(1,	'Cuba.jpg',	0,	'2019-11-27 10:18:09'),
(2,	'Maldives.jpg',	0,	'2019-11-27 10:18:09'),
(3,	'Mexico.jpg',	0,	'2019-11-27 10:18:09'),
(4,	'hotelCuba1.jpg',	1,	'2019-11-27 10:18:09'),
(5,	'hotelCuba2.jpg',	0,	'2019-11-27 10:18:09'),
(6,	'hotelCuba3.jpg',	0,	'2019-11-27 10:18:09'),
(7,	'hotelCuba4.jpg',	0,	'2019-11-27 10:18:09'),
(8,	'hotelMaldives1.jpg',	1,	'2019-11-27 10:18:09'),
(9,	'hotelMaldives2.jpg',	0,	'2019-11-27 10:18:09'),
(10,	'hotelMaldives3.jpg',	0,	'2019-11-27 10:18:09'),
(11,	'hotelMaldive4.jpg',	0,	'2019-11-27 10:18:09'),
(12,	'hotelMexico1.jpg',	1,	'2019-11-27 10:18:09'),
(13,	'hotelMexico2.jpg',	0,	'2019-11-27 10:18:09'),
(14,	'hotelMexico3.jpg',	0,	'2019-11-27 10:18:09'),
(15,	'hotelMexico4.jpg',	0,	'2019-11-27 10:18:09'),
(16,	'cubaRoom1.jpg',	1,	'2019-11-27 10:18:09'),
(17,	'cubaRoom2.jpg',	1,	'2019-11-27 10:18:09'),
(18,	'cubaRoom3.jpg',	1,	'2019-11-27 10:18:09'),
(19,	'cubaRoom4.jpg',	1,	'2019-11-27 10:18:09'),
(20,	'cubaRoom5.jpg',	1,	'2019-11-27 10:18:09'),
(21,	'cubaRoom6.jpg',	1,	'2019-11-27 10:18:09'),
(22,	'cubaRoom7.jpg',	1,	'2019-11-27 10:18:09'),
(23,	'maldivesRoom1.jpg',	1,	'2019-11-27 10:18:09'),
(24,	'maldivesRoom2.jpg',	1,	'2019-11-27 10:18:09'),
(25,	'maldivesRoom3.jpg',	1,	'2019-11-27 10:18:09'),
(26,	'maldivesRoom4.jpg',	1,	'2019-11-27 10:18:09'),
(27,	'maldivesRoom5.jpg',	1,	'2019-11-27 10:18:09'),
(28,	'maldivesRoom6.jpg',	1,	'2019-11-27 10:18:09'),
(29,	'maldivesRoom7.jpg',	1,	'2019-11-27 10:18:09'),
(30,	'mexicoRoom1.jpg',	1,	'2019-11-27 10:18:09'),
(31,	'mexicoRoom2.jpg',	1,	'2019-11-27 10:18:09'),
(32,	'mexicoRoom3.jpg',	1,	'2019-11-27 10:18:09'),
(33,	'mexicoRoom4.jpg',	1,	'2019-11-27 10:18:09'),
(34,	'mexicoRoom5.jpg',	1,	'2019-11-27 10:18:09'),
(35,	'mexicoRoom6.jpg',	0,	'2019-11-27 10:18:09'),
(36,	'mexicoRoom7.jpg',	0,	'2019-11-27 10:18:09'),
(37,	'room1.jpg',	0,	'2019-12-11 23:48:57'),
(38,	'room2-more.jpg',	0,	'2019-12-11 23:48:57');

DROP TABLE IF EXISTS `image_room`;
CREATE TABLE `image_room` (
                            `room_id` int(11) NOT NULL,
                            `image_id` int(11) NOT NULL,
                            PRIMARY KEY (`room_id`,`image_id`),
                            KEY `fk_room_images_room` (`room_id`),
                            KEY `fk_room_images_image` (`image_id`),
                            CONSTRAINT `fk_room_images_image` FOREIGN KEY (`image_id`) REFERENCES `images` (`id`),
                            CONSTRAINT `fk_room_images_room` FOREIGN KEY (`room_id`) REFERENCES `rooms` (`id`)
) ENGINE=InnoDB DEFAULT CHARSET=utf8mb4;

INSERT INTO `image_room` (`room_id`, `image_id`) VALUES
(1,	16),
(1,	37),
(1,	38),
(2,	17),
(3,	18),
(4,	19),
(5,	20),
(6,	16),
(7,	17),
(8,	18),
(9,	19),
(10,	20),
(11,	16),
(12,	17),
(13,	18),
(14,	19),
(15,	20),
(16,	16),
(17,	17),
(18,	18),
(19,	19),
(20,	20),
(21,	23),
(22,	24),
(23,	25),
(24,	26),
(25,	27),
(26,	23),
(27,	24),
(28,	25),
(29,	26),
(30,	27),
(31,	23),
(32,	24),
(33,	25),
(34,	26),
(35,	27),
(36,	23),
(37,	24),
(38,	25),
(39,	26),
(40,	27),
(41,	30),
(42,	31),
(43,	32),
(44,	33),
(45,	34),
(46,	30),
(47,	31),
(48,	32),
(49,	33),
(50,	34),
(51,	30),
(52,	31),
(53,	32),
(54,	33),
(55,	34),
(56,	30),
(57,	31),
(58,	32),
(59,	33),
(60,	34);

DROP TABLE IF EXISTS `locations`;
CREATE TABLE `locations` (
                           `id` int(11) NOT NULL AUTO_INCREMENT,
                           `location` varchar(255) COLLATE utf8mb4_unicode_ci NOT NULL,
                           `description` text COLLATE utf8mb4_unicode_ci NOT NULL,
                           `slug` varchar(255) COLLATE utf8mb4_unicode_ci NOT NULL,
                           `image_id` int(11) NOT NULL,
                           `is_featured` tinyint(4) NOT NULL COMMENT '0: No | 1: Yes',
                           `deleted_at` timestamp NULL DEFAULT NULL,
                           `created_at` timestamp NOT NULL DEFAULT CURRENT_TIMESTAMP,
                           `updated_at` timestamp NOT NULL DEFAULT CURRENT_TIMESTAMP ON UPDATE CURRENT_TIMESTAMP,
                           PRIMARY KEY (`id`)
) ENGINE=InnoDB DEFAULT CHARSET=utf8mb4 COLLATE=utf8mb4_unicode_ci;

INSERT INTO `locations` (`id`, `location`, `description`, `slug`, `image_id`, `is_featured`, `deleted_at`, `created_at`, `updated_at`) VALUES
(1,	'Cuba',	'Cuba',	'cuba',	1,	1,	NULL,	'2019-12-03 01:03:52',	'2019-12-13 05:19:22'),
(2,	'Maldives',	'Maldives',	'maldives',	2,	1,	NULL,	'2019-12-03 01:03:52',	'2019-12-13 05:19:15'),
(3,	'Mexico',	'',	'mexico',	3,	1,	NULL,	'2019-12-03 01:04:11',	'2019-12-03 01:05:41');

DROP TABLE IF EXISTS `migrations`;
CREATE TABLE `migrations` (
                            `id` int(10) unsigned NOT NULL AUTO_INCREMENT,
                            `migration` varchar(255) COLLATE utf8mb4_unicode_ci NOT NULL,
                            `batch` int(11) NOT NULL,
                            PRIMARY KEY (`id`)
) ENGINE=InnoDB DEFAULT CHARSET=utf8mb4 COLLATE=utf8mb4_unicode_ci;

INSERT INTO `migrations` (`id`, `migration`, `batch`) VALUES
(6,	'2014_10_12_000000_create_users_table',	1),
(7,	'2014_10_12_100000_create_password_resets_table',	1),
(8,	'2019_08_19_000000_create_failed_jobs_table',	1);

DROP TABLE IF EXISTS `password_resets`;
CREATE TABLE `password_resets` (
                                 `email` varchar(191) COLLATE utf8mb4_unicode_ci NOT NULL,
                                 `token` varchar(191) COLLATE utf8mb4_unicode_ci NOT NULL,
                                 `created_at` timestamp NULL DEFAULT NULL,
                                 KEY `password_resets_email_index` (`email`)
) ENGINE=InnoDB DEFAULT CHARSET=utf8mb4 COLLATE=utf8mb4_unicode_ci;

INSERT INTO `password_resets` (`email`, `token`, `created_at`) VALUES
('juan.jimenez@techie.com',	'$2y$10$l9Ghp5m4JOZXO.1Lucy0fui/N9xxFr2PFeSQ7eliHq5pAhyhfvW6W',	'2019-12-13 17:37:05');

DROP TABLE IF EXISTS `persons`;
CREATE TABLE `persons` (
                         `id` int(11) NOT NULL AUTO_INCREMENT,
                         `user_id` int(11) NOT NULL,
                         `first_name` varchar(255) NOT NULL,
                         `last_name` varchar(255) NOT NULL,
                         `birthdate` date NOT NULL,
                         `gender` char(1) NOT NULL DEFAULT 'F',
                         `address` varchar(500) NOT NULL,
                         `postal_code` varchar(10) NOT NULL,
                         `phone_number` varchar(20) NOT NULL,
                         `created_at` timestamp NULL DEFAULT CURRENT_TIMESTAMP,
                         `updated_at` timestamp NULL DEFAULT CURRENT_TIMESTAMP ON UPDATE CURRENT_TIMESTAMP,
                         PRIMARY KEY (`id`)
) ENGINE=InnoDB DEFAULT CHARSET=utf8mb4 COMMENT='Table that manages personal information of guests for contact purposes';

INSERT INTO `persons` (`id`, `user_id`, `first_name`, `last_name`, `birthdate`, `gender`, `address`, `postal_code`, `phone_number`, `created_at`, `updated_at`) VALUES
(1,	1,	'Krita',	'maharjan',	'1994-09-20',	'F',	'Lorem Ipsum',	'R2C4J9',	'204-555-2685',	'2019-11-27 11:16:04',	'2019-12-13 17:01:33'),
(2,	2,	'Katie',	'Peters',	'1993-11-26',	'F',	'Lorem Ipsum',	'R2C4J7',	'204-555-2685',	'2019-11-27 11:16:12',	'2019-12-03 17:24:27'),
(3,	3,	'Narain',	'Madabhushi',	'1992-08-01',	'M',	'Lorem Ipsum',	'R1C3J8',	'204-235-8741',	'2019-11-27 11:16:12',	'2019-12-03 17:24:30'),
(4,	4,	'Evgheni',	'Sipco',	'1995-06-20',	'M',	'Lorem Ipsum',	'R5C4B3',	'204-365-7895',	'2019-11-27 11:16:12',	'2019-12-03 17:24:34'),
(10,	6,	'Narain',	'Madabhushi',	'1995-02-27',	'M',	'595 River Avenue',	'R3L0E6',	'2044303747',	'2019-12-13 02:20:57',	'2019-12-13 02:20:57'),
(11,	7,	'Juan Carlos',	'Jimenez Valenzuela',	'1980-06-25',	'M',	'70 garry st',	'R3C3J9',	'2042182890',	'2019-12-13 02:44:32',	'2019-12-13 02:44:32'),
(12,	8,	'Narayana',	'Madabhushi',	'1995-05-27',	'F',	'#406, 595, River Avenue',	'R3L0E6',	'2044303747',	'2019-12-13 05:20:36',	'2019-12-13 05:20:36'),
(13,	9,	'erika',	'trujillo',	'1977-03-21',	'F',	'70 garry st',	'R3C3J9',	'2042182890',	'2019-12-13 15:58:02',	'2019-12-13 15:58:02'),
(14,	10,	'Brent',	'Scott',	'2019-02-19',	'M',	'666 Trumptown Drive',	'90210',	'846-555-6666',	'2019-12-13 17:32:34',	'2019-12-13 17:32:34'),
(15,	11,	'erika',	'trujillo',	'1977-02-03',	'F',	'70 garry st',	'R3C3J9',	'2012182890',	'2019-12-13 17:35:45',	'2019-12-13 17:35:45'),
(16,	12,	'Lloyd',	'Guadez',	'2019-12-13',	'N',	'43 Empress Creek',	'G7Y 3B2',	'2048989055',	'2019-12-13 17:37:19',	'2019-12-13 17:37:19'),
(17,	13,	'Adriano',	'Gondim',	'2000-12-12',	'F',	'8 Gondm street',	'd1d1d1',	'4315887086',	'2019-12-13 17:39:02',	'2019-12-13 17:39:02'),
(18,	14,	'katie',	'peters',	'2019-12-10',	'F',	'12 rillwood place',	'r2n1j6',	'2042188604',	'2019-12-13 20:37:18',	'2019-12-13 20:37:18');

DROP TABLE IF EXISTS `rooms`;
CREATE TABLE `rooms` (
                       `id` int(11) NOT NULL AUTO_INCREMENT,
                       `hotel_id` int(11) NOT NULL,
                       `room_number` int(11) NOT NULL,
                       `description` text NOT NULL,
                       `max_adults` int(11) NOT NULL,
                       `max_children` int(11) NOT NULL DEFAULT '0',
                       `room_type_id` int(11) NOT NULL,
                       `no_bathrooms` int(11) NOT NULL,
                       `smoking` tinyint(1) NOT NULL,
                       `featured` tinyint(1) DEFAULT '0',
                       `room_cost` decimal(18,2) NOT NULL,
                       `deleted_at` timestamp NULL DEFAULT NULL,
                       `created_at` timestamp NULL DEFAULT CURRENT_TIMESTAMP,
                       `updated_at` timestamp NULL DEFAULT CURRENT_TIMESTAMP ON UPDATE CURRENT_TIMESTAMP,
                       PRIMARY KEY (`id`),
                       KEY `fk_room_hotel` (`hotel_id`),
                       KEY `fk_room_room_type` (`room_type_id`),
                       CONSTRAINT `fk_room_hotel` FOREIGN KEY (`hotel_id`) REFERENCES `hotels` (`id`),
                       CONSTRAINT `fk_room_room_type` FOREIGN KEY (`room_type_id`) REFERENCES `room_types` (`id`)
) ENGINE=InnoDB DEFAULT CHARSET=utf8mb4 COMMENT='Table that manages room information';

INSERT INTO `rooms` (`id`, `hotel_id`, `room_number`, `description`, `max_adults`, `max_children`, `room_type_id`, `no_bathrooms`, `smoking`, `featured`, `room_cost`, `deleted_at`, `created_at`, `updated_at`) VALUES
(1,	1,	101,	'Lorem ipsum dolor sit amet, consectetur adipisicing elit. Ab ad, animi beatae consectetur dolor eligendi error incidunt iure, maxime minus molestiae nemo nihil nostrum quisquam ratione sequi sit voluptates, voluptatibus.',	2,	0,	18,	2,	1,	0,	1197.00,	NULL,	'2019-11-27 09:36:37',	'2019-12-13 15:43:03'),
(2,	2,	102,	'Lorem ipsum dolor sit amet, consectetur adipisicing elit. Ab ad, animi beatae consectetur dolor eligendi error incidunt iure, maxime minus molestiae nemo nihil nostrum quisquam ratione sequi sit voluptates, voluptatibus.',	2,	2,	16,	2,	0,	0,	1200.00,	NULL,	'2019-11-27 09:36:53',	'2019-12-12 16:05:10'),
(3,	3,	103,	'Lorem ipsum dolor sit amet, consectetur adipisicing elit. Ab ad, animi beatae consectetur dolor eligendi error incidunt iure, maxime minus molestiae nemo nihil nostrum quisquam ratione sequi sit voluptates, voluptatibus.',	2,	2,	21,	2,	0,	0,	1200.00,	NULL,	'2019-11-27 09:36:53',	'2019-12-12 16:05:41'),
(4,	1,	104,	'Lorem ipsum dolor sit amet, consectetur adipisicing elit. Ab ad, animi beatae consectetur dolor eligendi error incidunt iure, maxime minus molestiae nemo nihil nostrum quisquam ratione sequi sit voluptates, voluptatibus.',	2,	2,	18,	2,	0,	0,	1200.00,	NULL,	'2019-11-27 09:36:53',	'2019-11-27 09:36:53'),
(5,	1,	105,	'Lorem ipsum dolor sit amet, consectetur adipisicing elit. Ab ad, animi beatae consectetur dolor eligendi error incidunt iure, maxime minus molestiae nemo nihil nostrum quisquam ratione sequi sit voluptates, voluptatibus.',	2,	0,	24,	1,	1,	0,	800.00,	NULL,	'2019-11-27 09:36:53',	'2019-11-27 09:36:53'),
(6,	1,	201,	'Lorem ipsum dolor sit amet, consectetur adipisicing elit. Ab ad, animi beatae consectetur dolor eligendi error incidunt iure, maxime minus molestiae nemo nihil nostrum quisquam ratione sequi sit voluptates, voluptatibus.',	2,	2,	24,	1,	0,	0,	800.00,	NULL,	'2019-11-27 09:36:53',	'2019-11-27 09:36:53'),
(7,	1,	202,	'Lorem ipsum dolor sit amet, consectetur adipisicing elit. Ab ad, animi beatae consectetur dolor eligendi error incidunt iure, maxime minus molestiae nemo nihil nostrum quisquam ratione sequi sit voluptates, voluptatibus.',	2,	2,	24,	1,	0,	0,	800.00,	NULL,	'2019-11-27 09:36:53',	'2019-11-27 09:36:53'),
(8,	1,	203,	'Lorem ipsum dolor sit amet, consectetur adipisicing elit. Ab ad, animi beatae consectetur dolor eligendi error incidunt iure, maxime minus molestiae nemo nihil nostrum quisquam ratione sequi sit voluptates, voluptatibus.',	2,	2,	24,	1,	0,	0,	800.00,	NULL,	'2019-11-27 09:36:53',	'2019-11-27 09:36:53'),
(9,	1,	204,	'Lorem ipsum dolor sit amet, consectetur adipisicing elit. Ab ad, animi beatae consectetur dolor eligendi error incidunt iure, maxime minus molestiae nemo nihil nostrum quisquam ratione sequi sit voluptates, voluptatibus.',	2,	0,	21,	1,	1,	0,	750.00,	NULL,	'2019-11-27 09:36:53',	'2019-11-27 09:36:53'),
(10,	1,	205,	'Lorem ipsum dolor sit amet, consectetur adipisicing elit. Ab ad, animi beatae consectetur dolor eligendi error incidunt iure, maxime minus molestiae nemo nihil nostrum quisquam ratione sequi sit voluptates, voluptatibus.',	2,	0,	21,	1,	1,	0,	750.00,	NULL,	'2019-11-27 09:36:53',	'2019-11-27 09:36:53'),
(11,	1,	301,	'Lorem ipsum dolor sit amet, consectetur adipisicing elit. Ab ad, animi beatae consectetur dolor eligendi error incidunt iure, maxime minus molestiae nemo nihil nostrum quisquam ratione sequi sit voluptates, voluptatibus.',	2,	2,	21,	1,	0,	0,	750.00,	NULL,	'2019-11-27 09:36:53',	'2019-11-27 09:36:53'),
(12,	1,	302,	'Lorem ipsum dolor sit amet, consectetur adipisicing elit. Ab ad, animi beatae consectetur dolor eligendi error incidunt iure, maxime minus molestiae nemo nihil nostrum quisquam ratione sequi sit voluptates, voluptatibus.',	2,	2,	21,	1,	0,	0,	750.00,	NULL,	'2019-11-27 09:36:53',	'2019-11-27 09:36:53'),
(13,	1,	303,	'Lorem ipsum dolor sit amet, consectetur adipisicing elit. Ab ad, animi beatae consectetur dolor eligendi error incidunt iure, maxime minus molestiae nemo nihil nostrum quisquam ratione sequi sit voluptates, voluptatibus.',	2,	0,	19,	2,	1,	0,	1050.00,	NULL,	'2019-11-27 09:36:53',	'2019-11-27 09:36:53'),
(14,	1,	304,	'Lorem ipsum dolor sit amet, consectetur adipisicing elit. Ab ad, animi beatae consectetur dolor eligendi error incidunt iure, maxime minus molestiae nemo nihil nostrum quisquam ratione sequi sit voluptates, voluptatibus.',	2,	2,	19,	2,	0,	0,	1050.00,	NULL,	'2019-11-27 09:36:53',	'2019-11-27 09:36:53'),
(15,	1,	305,	'Lorem ipsum dolor sit amet, consectetur adipisicing elit. Ab ad, animi beatae consectetur dolor eligendi error incidunt iure, maxime minus molestiae nemo nihil nostrum quisquam ratione sequi sit voluptates, voluptatibus.',	4,	0,	23,	1,	1,	0,	850.00,	NULL,	'2019-11-27 09:36:53',	'2019-11-27 09:36:53'),
(16,	1,	401,	'Lorem ipsum dolor sit amet, consectetur adipisicing elit. Ab ad, animi beatae consectetur dolor eligendi error incidunt iure, maxime minus molestiae nemo nihil nostrum quisquam ratione sequi sit voluptates, voluptatibus.',	4,	0,	23,	1,	1,	0,	850.00,	NULL,	'2019-11-27 09:36:53',	'2019-11-27 09:36:53'),
(17,	1,	402,	'Lorem ipsum dolor sit amet, consectetur adipisicing elit. Ab ad, animi beatae consectetur dolor eligendi error incidunt iure, maxime minus molestiae nemo nihil nostrum quisquam ratione sequi sit voluptates, voluptatibus.',	4,	0,	23,	1,	0,	0,	850.00,	NULL,	'2019-11-27 09:36:53',	'2019-11-27 09:36:53'),
(18,	1,	403,	'Lorem ipsum dolor sit amet, consectetur adipisicing elit. Ab ad, animi beatae consectetur dolor eligendi error incidunt iure, maxime minus molestiae nemo nihil nostrum quisquam ratione sequi sit voluptates, voluptatibus.',	0,	4,	23,	1,	0,	0,	850.00,	NULL,	'2019-11-27 09:36:53',	'2019-11-27 09:36:53'),
(19,	1,	404,	'Lorem ipsum dolor sit amet, consectetur adipisicing elit. Ab ad, animi beatae consectetur dolor eligendi error incidunt iure, maxime minus molestiae nemo nihil nostrum quisquam ratione sequi sit voluptates, voluptatibus.',	1,	1,	25,	1,	0,	0,	530.00,	NULL,	'2019-11-27 09:36:53',	'2019-11-27 09:36:53'),
(20,	1,	405,	'Lorem ipsum dolor sit amet, consectetur adipisicing elit. Ab ad, animi beatae consectetur dolor eligendi error incidunt iure, maxime minus molestiae nemo nihil nostrum quisquam ratione sequi sit voluptates, voluptatibus.',	2,	0,	22,	2,	0,	1,	1500.00,	NULL,	'2019-11-27 09:36:53',	'2019-11-27 09:36:53'),
(21,	2,	101,	'Lorem ipsum dolor sit amet, consectetur adipisicing elit. Ab ad, animi beatae consectetur dolor eligendi error incidunt iure, maxime minus molestiae nemo nihil nostrum quisquam ratione sequi sit voluptates, voluptatibus.',	2,	0,	17,	1,	1,	0,	650.00,	NULL,	'2019-11-27 09:36:53',	'2019-11-27 09:36:53'),
(22,	2,	102,	'Lorem ipsum dolor sit amet, consectetur adipisicing elit. Ab ad, animi beatae consectetur dolor eligendi error incidunt iure, maxime minus molestiae nemo nihil nostrum quisquam ratione sequi sit voluptates, voluptatibus.',	2,	0,	17,	1,	0,	0,	650.00,	NULL,	'2019-11-27 09:36:53',	'2019-11-27 09:36:53'),
(23,	2,	103,	'Lorem ipsum dolor sit amet, consectetur adipisicing elit. Ab ad, animi beatae consectetur dolor eligendi error incidunt iure, maxime minus molestiae nemo nihil nostrum quisquam ratione sequi sit voluptates, voluptatibus.',	4,	4,	18,	2,	0,	0,	1200.00,	NULL,	'2019-11-27 09:36:53',	'2019-11-27 09:36:53'),
(24,	2,	104,	'Lorem ipsum dolor sit amet, consectetur adipisicing elit. Ab ad, animi beatae consectetur dolor eligendi error incidunt iure, maxime minus molestiae nemo nihil nostrum quisquam ratione sequi sit voluptates, voluptatibus.',	4,	4,	18,	2,	0,	0,	1200.00,	NULL,	'2019-11-27 09:36:53',	'2019-11-27 09:36:53'),
(25,	2,	105,	'Lorem ipsum dolor sit amet, consectetur adipisicing elit. Ab ad, animi beatae consectetur dolor eligendi error incidunt iure, maxime minus molestiae nemo nihil nostrum quisquam ratione sequi sit voluptates, voluptatibus.',	2,	2,	24,	1,	1,	0,	800.00,	NULL,	'2019-11-27 09:36:53',	'2019-11-27 09:36:53'),
(26,	2,	201,	'Lorem ipsum dolor sit amet, consectetur adipisicing elit. Ab ad, animi beatae consectetur dolor eligendi error incidunt iure, maxime minus molestiae nemo nihil nostrum quisquam ratione sequi sit voluptates, voluptatibus.',	2,	2,	24,	1,	0,	0,	800.00,	NULL,	'2019-11-27 09:36:53',	'2019-11-27 09:36:53'),
(27,	2,	202,	'Lorem ipsum dolor sit amet, consectetur adipisicing elit. Ab ad, animi beatae consectetur dolor eligendi error incidunt iure, maxime minus molestiae nemo nihil nostrum quisquam ratione sequi sit voluptates, voluptatibus.',	2,	2,	24,	1,	0,	0,	800.00,	NULL,	'2019-11-27 09:36:53',	'2019-11-27 09:36:53'),
(28,	2,	203,	'Lorem ipsum dolor sit amet, consectetur adipisicing elit. Ab ad, animi beatae consectetur dolor eligendi error incidunt iure, maxime minus molestiae nemo nihil nostrum quisquam ratione sequi sit voluptates, voluptatibus.',	2,	2,	24,	1,	0,	0,	800.00,	NULL,	'2019-11-27 09:36:53',	'2019-11-27 09:36:53'),
(29,	2,	204,	'Lorem ipsum dolor sit amet, consectetur adipisicing elit. Ab ad, animi beatae consectetur dolor eligendi error incidunt iure, maxime minus molestiae nemo nihil nostrum quisquam ratione sequi sit voluptates, voluptatibus.',	2,	2,	21,	1,	1,	0,	750.00,	NULL,	'2019-11-27 09:36:53',	'2019-11-27 09:36:53'),
(30,	2,	205,	'Lorem ipsum dolor sit amet, consectetur adipisicing elit. Ab ad, animi beatae consectetur dolor eligendi error incidunt iure, maxime minus molestiae nemo nihil nostrum quisquam ratione sequi sit voluptates, voluptatibus.',	2,	2,	21,	1,	1,	0,	750.00,	NULL,	'2019-11-27 09:36:53',	'2019-11-27 09:36:53'),
(31,	2,	301,	'Lorem ipsum dolor sit amet, consectetur adipisicing elit. Ab ad, animi beatae consectetur dolor eligendi error incidunt iure, maxime minus molestiae nemo nihil nostrum quisquam ratione sequi sit voluptates, voluptatibus.',	2,	2,	21,	1,	0,	0,	750.00,	NULL,	'2019-11-27 09:36:53',	'2019-11-27 09:36:53'),
(32,	2,	302,	'Lorem ipsum dolor sit amet, consectetur adipisicing elit. Ab ad, animi beatae consectetur dolor eligendi error incidunt iure, maxime minus molestiae nemo nihil nostrum quisquam ratione sequi sit voluptates, voluptatibus.',	2,	2,	21,	1,	0,	0,	750.00,	NULL,	'2019-11-27 09:36:53',	'2019-11-27 09:36:53'),
(33,	2,	303,	'Lorem ipsum dolor sit amet, consectetur adipisicing elit. Ab ad, animi beatae consectetur dolor eligendi error incidunt iure, maxime minus molestiae nemo nihil nostrum quisquam ratione sequi sit voluptates, voluptatibus.',	2,	0,	19,	2,	1,	0,	1050.00,	NULL,	'2019-11-27 09:36:53',	'2019-11-27 09:36:53'),
(34,	2,	304,	'Lorem ipsum dolor sit amet, consectetur adipisicing elit. Ab ad, animi beatae consectetur dolor eligendi error incidunt iure, maxime minus molestiae nemo nihil nostrum quisquam ratione sequi sit voluptates, voluptatibus.',	2,	0,	19,	2,	0,	1,	1050.00,	NULL,	'2019-11-27 09:36:53',	'2019-11-27 09:36:53'),
(35,	2,	305,	'Lorem ipsum dolor sit amet, consectetur adipisicing elit. Ab ad, animi beatae consectetur dolor eligendi error incidunt iure, maxime minus molestiae nemo nihil nostrum quisquam ratione sequi sit voluptates, voluptatibus.',	4,	4,	23,	1,	1,	0,	850.00,	NULL,	'2019-11-27 09:36:53',	'2019-11-27 09:36:53'),
(36,	2,	401,	'Lorem ipsum dolor sit amet, consectetur adipisicing elit. Ab ad, animi beatae consectetur dolor eligendi error incidunt iure, maxime minus molestiae nemo nihil nostrum quisquam ratione sequi sit voluptates, voluptatibus.',	4,	4,	23,	1,	1,	0,	850.00,	NULL,	'2019-11-27 09:36:53',	'2019-11-27 09:36:53'),
(37,	2,	402,	'Lorem ipsum dolor sit amet, consectetur adipisicing elit. Ab ad, animi beatae consectetur dolor eligendi error incidunt iure, maxime minus molestiae nemo nihil nostrum quisquam ratione sequi sit voluptates, voluptatibus.',	4,	4,	23,	1,	0,	0,	850.00,	NULL,	'2019-11-27 09:36:53',	'2019-11-27 09:36:53'),
(38,	2,	403,	'Lorem ipsum dolor sit amet, consectetur adipisicing elit. Ab ad, animi beatae consectetur dolor eligendi error incidunt iure, maxime minus molestiae nemo nihil nostrum quisquam ratione sequi sit voluptates, voluptatibus.',	4,	4,	23,	1,	0,	0,	850.00,	NULL,	'2019-11-27 09:36:53',	'2019-11-27 09:36:53'),
(39,	2,	404,	'Lorem ipsum dolor sit amet, consectetur adipisicing elit. Ab ad, animi beatae consectetur dolor eligendi error incidunt iure, maxime minus molestiae nemo nihil nostrum quisquam ratione sequi sit voluptates, voluptatibus.',	1,	0,	25,	1,	0,	0,	530.00,	NULL,	'2019-11-27 09:36:53',	'2019-11-27 09:36:53'),
(40,	2,	405,	'Lorem ipsum dolor sit amet, consectetur adipisicing elit. Ab ad, animi beatae consectetur dolor eligendi error incidunt iure, maxime minus molestiae nemo nihil nostrum quisquam ratione sequi sit voluptates, voluptatibus.',	2,	0,	22,	2,	0,	0,	1500.00,	NULL,	'2019-11-27 09:36:53',	'2019-11-27 09:36:53'),
(41,	3,	101,	'Lorem ipsum dolor sit amet, consectetur adipisicing elit. Ab ad, animi beatae consectetur dolor eligendi error incidunt iure, maxime minus molestiae nemo nihil nostrum quisquam ratione sequi sit voluptates, voluptatibus.',	2,	0,	17,	1,	1,	0,	650.00,	NULL,	'2019-11-27 09:36:53',	'2019-11-27 09:36:53'),
(42,	3,	102,	'Lorem ipsum dolor sit amet, consectetur adipisicing elit. Ab ad, animi beatae consectetur dolor eligendi error incidunt iure, maxime minus molestiae nemo nihil nostrum quisquam ratione sequi sit voluptates, voluptatibus.',	2,	0,	17,	1,	0,	0,	650.00,	NULL,	'2019-11-27 09:36:53',	'2019-11-27 09:36:53'),
(43,	3,	103,	'Lorem ipsum dolor sit amet, consectetur adipisicing elit. Ab ad, animi beatae consectetur dolor eligendi error incidunt iure, maxime minus molestiae nemo nihil nostrum quisquam ratione sequi sit voluptates, voluptatibus.',	4,	4,	18,	2,	0,	0,	1200.00,	NULL,	'2019-11-27 09:36:53',	'2019-11-27 09:36:53'),
(44,	3,	104,	'Lorem ipsum dolor sit amet, consectetur adipisicing elit. Ab ad, animi beatae consectetur dolor eligendi error incidunt iure, maxime minus molestiae nemo nihil nostrum quisquam ratione sequi sit voluptates, voluptatibus.',	4,	4,	18,	2,	0,	0,	1200.00,	NULL,	'2019-11-27 09:36:53',	'2019-11-27 09:36:53'),
(45,	3,	105,	'Lorem ipsum dolor sit amet, consectetur adipisicing elit. Ab ad, animi beatae consectetur dolor eligendi error incidunt iure, maxime minus molestiae nemo nihil nostrum quisquam ratione sequi sit voluptates, voluptatibus.',	2,	2,	24,	1,	1,	0,	800.00,	NULL,	'2019-11-27 09:36:53',	'2019-11-27 09:36:53'),
(46,	3,	201,	'Lorem ipsum dolor sit amet, consectetur adipisicing elit. Ab ad, animi beatae consectetur dolor eligendi error incidunt iure, maxime minus molestiae nemo nihil nostrum quisquam ratione sequi sit voluptates, voluptatibus.',	2,	2,	24,	1,	0,	0,	800.00,	NULL,	'2019-11-27 09:36:53',	'2019-11-27 09:36:53'),
(47,	3,	202,	'Lorem ipsum dolor sit amet, consectetur adipisicing elit. Ab ad, animi beatae consectetur dolor eligendi error incidunt iure, maxime minus molestiae nemo nihil nostrum quisquam ratione sequi sit voluptates, voluptatibus.',	2,	2,	24,	1,	0,	0,	800.00,	NULL,	'2019-11-27 09:36:53',	'2019-11-27 09:36:53'),
(48,	3,	203,	'Lorem ipsum dolor sit amet, consectetur adipisicing elit. Ab ad, animi beatae consectetur dolor eligendi error incidunt iure, maxime minus molestiae nemo nihil nostrum quisquam ratione sequi sit voluptates, voluptatibus.',	2,	2,	24,	1,	0,	0,	800.00,	NULL,	'2019-11-27 09:36:53',	'2019-11-27 09:36:53'),
(49,	3,	204,	'Lorem ipsum dolor sit amet, consectetur adipisicing elit. Ab ad, animi beatae consectetur dolor eligendi error incidunt iure, maxime minus molestiae nemo nihil nostrum quisquam ratione sequi sit voluptates, voluptatibus.',	2,	2,	21,	1,	1,	0,	750.00,	NULL,	'2019-11-27 09:36:53',	'2019-11-27 09:36:53'),
(50,	3,	205,	'Lorem ipsum dolor sit amet, consectetur adipisicing elit. Ab ad, animi beatae consectetur dolor eligendi error incidunt iure, maxime minus molestiae nemo nihil nostrum quisquam ratione sequi sit voluptates, voluptatibus.',	2,	2,	21,	1,	1,	0,	750.00,	NULL,	'2019-11-27 09:36:53',	'2019-11-27 09:36:53'),
(51,	3,	301,	'Lorem ipsum dolor sit amet, consectetur adipisicing elit. Ab ad, animi beatae consectetur dolor eligendi error incidunt iure, maxime minus molestiae nemo nihil nostrum quisquam ratione sequi sit voluptates, voluptatibus.',	2,	2,	21,	1,	0,	0,	750.00,	NULL,	'2019-11-27 09:36:53',	'2019-11-27 09:36:53'),
(52,	3,	302,	'Lorem ipsum dolor sit amet, consectetur adipisicing elit. Ab ad, animi beatae consectetur dolor eligendi error incidunt iure, maxime minus molestiae nemo nihil nostrum quisquam ratione sequi sit voluptates, voluptatibus.',	2,	2,	21,	1,	0,	0,	750.00,	NULL,	'2019-11-27 09:36:53',	'2019-11-27 09:36:53'),
(53,	3,	303,	'Lorem ipsum dolor sit amet, consectetur adipisicing elit. Ab ad, animi beatae consectetur dolor eligendi error incidunt iure, maxime minus molestiae nemo nihil nostrum quisquam ratione sequi sit voluptates, voluptatibus.',	2,	0,	19,	2,	1,	0,	1050.00,	NULL,	'2019-11-27 09:36:53',	'2019-11-27 09:36:53'),
(54,	3,	304,	'Lorem ipsum dolor sit amet, consectetur adipisicing elit. Ab ad, animi beatae consectetur dolor eligendi error incidunt iure, maxime minus molestiae nemo nihil nostrum quisquam ratione sequi sit voluptates, voluptatibus.',	2,	0,	19,	2,	0,	0,	1050.00,	NULL,	'2019-11-27 09:36:53',	'2019-11-27 09:36:53'),
(55,	3,	305,	'Lorem ipsum dolor sit amet, consectetur adipisicing elit. Ab ad, animi beatae consectetur dolor eligendi error incidunt iure, maxime minus molestiae nemo nihil nostrum quisquam ratione sequi sit voluptates, voluptatibus.',	4,	4,	23,	1,	1,	0,	850.00,	NULL,	'2019-11-27 09:36:53',	'2019-11-27 09:36:53'),
(56,	3,	401,	'Lorem ipsum dolor sit amet, consectetur adipisicing elit. Ab ad, animi beatae consectetur dolor eligendi error incidunt iure, maxime minus molestiae nemo nihil nostrum quisquam ratione sequi sit voluptates, voluptatibus.',	4,	4,	23,	1,	1,	0,	850.00,	NULL,	'2019-11-27 09:36:53',	'2019-11-27 09:36:53'),
(57,	3,	402,	'Lorem ipsum dolor sit amet, consectetur adipisicing elit. Ab ad, animi beatae consectetur dolor eligendi error incidunt iure, maxime minus molestiae nemo nihil nostrum quisquam ratione sequi sit voluptates, voluptatibus.',	4,	4,	23,	1,	0,	0,	850.00,	NULL,	'2019-11-27 09:36:53',	'2019-11-27 09:36:53'),
(58,	3,	403,	'Lorem ipsum dolor sit amet, consectetur adipisicing elit. Ab ad, animi beatae consectetur dolor eligendi error incidunt iure, maxime minus molestiae nemo nihil nostrum quisquam ratione sequi sit voluptates, voluptatibus.',	4,	4,	23,	1,	0,	0,	850.00,	NULL,	'2019-11-27 09:36:53',	'2019-11-27 09:36:53'),
(59,	3,	404,	'Lorem ipsum dolor sit amet, consectetur adipisicing elit. Ab ad, animi beatae consectetur dolor eligendi error incidunt iure, maxime minus molestiae nemo nihil nostrum quisquam ratione sequi sit voluptates, voluptatibus.',	1,	0,	25,	1,	0,	0,	480.00,	NULL,	'2019-11-27 09:36:53',	'2019-12-09 01:57:18'),
(60,	3,	405,	'Lorem ipsum dolor sit amet, consectetur adipisicing elit. Ab ad, animi beatae consectetur dolor eligendi error incidunt iure, maxime minus molestiae nemo nihil nostrum quisquam ratione sequi sit voluptates, voluptatibus.',	2,	0,	22,	2,	0,	0,	1500.00,	NULL,	'2019-11-27 09:36:53',	'2019-12-13 03:18:27'),
(61,	2,	102,	'Very nice room updated',	3,	2,	18,	2,	0,	1,	410.00,	'2019-12-05 01:39:24',	'2019-12-05 00:12:46',	'2019-12-05 01:39:24'),
(62,	3,	509,	'Hotel Room Description',	2,	1,	16,	2,	0,	1,	800.00,	'2019-12-12 06:04:27',	'2019-12-12 05:53:14',	'2019-12-12 06:04:27'),
(63,	1,	506,	'New Room Description',	3,	1,	20,	1,	0,	0,	450.00,	'2019-12-12 06:00:00',	'2019-12-12 06:04:11',	'2019-12-12 16:17:52'),
(67,	4,	340,	'Test Room',	2,	1,	15,	1,	0,	0,	800.00,	'2019-12-13 16:00:37',	'2019-12-13 15:49:42',	'2019-12-13 16:00:37'),
(68,	4,	201,	'Test Description',	2,	1,	17,	1,	0,	0,	99.00,	'2019-12-13 17:48:09',	'2019-12-13 17:46:45',	'2019-12-13 17:48:09');

DROP TABLE IF EXISTS `room_types`;
CREATE TABLE `room_types` (
                            `id` int(11) NOT NULL AUTO_INCREMENT,
                            `type` varchar(255) NOT NULL,
                            `created_at` timestamp NULL DEFAULT CURRENT_TIMESTAMP,
                            `updated_at` timestamp NULL DEFAULT CURRENT_TIMESTAMP ON UPDATE CURRENT_TIMESTAMP,
                            PRIMARY KEY (`id`)
) ENGINE=InnoDB DEFAULT CHARSET=utf8mb4;

INSERT INTO `room_types` (`id`, `type`, `created_at`, `updated_at`) VALUES
(15,	'Apartment',	'2019-11-26 17:01:20',	'2019-11-26 17:01:20'),
(16,	'Cabana',	'2019-11-26 17:01:20',	'2019-11-26 17:01:20'),
(17,	'Double',	'2019-11-26 17:01:20',	'2019-11-26 17:01:20'),
(18,	'Double-Double',	'2019-11-26 17:01:20',	'2019-11-26 17:01:20'),
(19,	'Executive Suite',	'2019-11-26 17:01:20',	'2019-11-26 17:01:20'),
(20,	'Junion Suite',	'2019-11-26 17:01:20',	'2019-11-26 17:01:20'),
(21,	'King',	'2019-11-26 17:01:20',	'2019-11-26 17:01:20'),
(22,	'Presidential Suite',	'2019-11-26 17:01:20',	'2019-11-26 17:01:20'),
(23,	'Quad',	'2019-11-26 17:01:20',	'2019-11-26 17:01:20'),
(24,	'Queen',	'2019-11-26 17:01:20',	'2019-11-26 17:01:20'),
(25,	'Single',	'2019-11-26 17:01:20',	'2019-11-26 17:01:20'),
(26,	'Triple',	'2019-11-26 17:01:20',	'2019-11-26 17:01:20'),
(27,	'Twin',	'2019-11-26 17:01:20',	'2019-11-26 17:01:20'),
(28,	'Villa',	'2019-11-26 17:01:20',	'2019-11-26 17:01:20'),
(29,	'King Deluxe',	'2019-12-05 19:34:27',	'2019-12-05 19:34:27');

DROP TABLE IF EXISTS `site_settings`;
CREATE TABLE `site_settings` (
                               `id` int(11) NOT NULL AUTO_INCREMENT,
                               `name` varchar(255) DEFAULT NULL,
                               `value` varchar(255) DEFAULT NULL,
                               `type` char(20) NOT NULL DEFAULT 'string',
                               `created_at` timestamp NULL DEFAULT CURRENT_TIMESTAMP,
                               `updated_at` timestamp NULL DEFAULT CURRENT_TIMESTAMP ON UPDATE CURRENT_TIMESTAMP,
                               PRIMARY KEY (`id`)
) ENGINE=InnoDB DEFAULT CHARSET=utf8mb4;

INSERT INTO `site_settings` (`id`, `name`, `value`, `type`, `created_at`, `updated_at`) VALUES
(1,	'app_name',	'Poseidon Hotel',	'string',	'2019-12-09 18:02:04',	'2019-12-10 00:15:34'),
(2,	'contact_email',	'krita.maharjan@gmail.com',	'string',	'2019-12-09 18:02:04',	'2019-12-09 18:02:04'),
(3,	'gst_tax',	'5',	'double',	'2019-12-09 18:02:53',	'2019-12-10 00:15:34'),
(4,	'pst_tax',	'8',	'double',	'2019-12-09 18:02:53',	'2019-12-10 00:15:34'),
(5,	'5BX_LOGIN_ID',	'5664391',	'string',	'2019-12-10 11:29:42',	'2019-12-10 11:29:42'),
(6,	'5BX_API_KEY',	'696cc67ce14a133ed1d5b676d85cad43',	'string',	'2019-12-10 11:29:42',	'2019-12-10 11:29:42'),
(7,	'facebook',	'https://www.facebook.com/Krita.Maharjan',	'string',	'2019-12-11 23:59:31',	'2019-12-11 23:59:31'),
(8,	'twitter',	'https://www.instagram.com/kritamaharjan/',	'string',	'2019-12-11 23:59:31',	'2019-12-11 23:59:31'),
(9,	'instagram',	'https://twitter.com/?lang=en',	'string',	'2019-12-11 23:59:31',	'2019-12-11 23:59:31');

DROP TABLE IF EXISTS `users`;
CREATE TABLE `users` (
                       `id` int(11) NOT NULL AUTO_INCREMENT,
                       `email` varchar(191) COLLATE utf8mb4_unicode_ci NOT NULL,
                       `email_verified_at` timestamp NULL DEFAULT NULL,
                       `password` varchar(191) COLLATE utf8mb4_unicode_ci NOT NULL,
                       `user_type` tinyint(4) NOT NULL,
                       `remember_token` varchar(100) COLLATE utf8mb4_unicode_ci DEFAULT NULL,
                       `deleted_at` timestamp NULL DEFAULT NULL,
                       `created_at` timestamp NULL DEFAULT NULL,
                       `updated_at` timestamp NULL DEFAULT NULL,
                       PRIMARY KEY (`id`),
                       UNIQUE KEY `users_email_unique` (`email`)
) ENGINE=InnoDB DEFAULT CHARSET=utf8mb4 COLLATE=utf8mb4_unicode_ci;

INSERT INTO `users` (`id`, `email`, `email_verified_at`, `password`, `user_type`, `remember_token`, `deleted_at`, `created_at`, `updated_at`) VALUES
(1,	'krita.maharjan@gmail.com',	'2019-12-12 01:01:35',	'$2y$10$iHx03g3lU.3b5OTYr6a83uu1EE5sC4npuOkmscGnbajvCFsdwT/MG',	1,	'WBs9IM59oe6x0W8eIFLKDV38VZtG5WHplrh00DmWPLbNkuKMf0rPWqVIuup7',	NULL,	'2019-12-12 00:57:49',	'2019-12-13 20:31:39'),
(2,	'krita@abc.com',	'2019-12-11 06:00:00',	'$2y$10$ABTRDsfmnk4CzeqTWCmeY.whalEng1uc.56MPPb4JRKsMVDv10Mku',	1,	NULL,	NULL,	'2019-12-12 00:06:45',	'2019-12-12 00:06:45'),
(3,	'abc@gmail.com',	'2019-12-11 06:00:00',	'$2y$10$s2QZc6nafAwyJ/fro.BkuOaR/AeRvVuk9glTVUoaZ20jAPq/8242.',	1,	NULL,	NULL,	'2019-12-12 00:41:23',	'2019-12-12 00:41:23'),
(4,	'customer@gmail.com',	'2019-12-11 06:00:00',	'$2y$10$u64UV7bJWCl2ZTe0AcQgJebqK1x5oMixrIAauHz0WQOWTDTHFXHdu',	0,	NULL,	NULL,	'2019-12-12 00:55:51',	'2019-12-12 00:55:51'),
(6,	'mlnarayana95@gmail.com',	'2019-12-13 02:21:35',	'$2y$10$iiKuuzebA59UCz8fXOpQ0O2eBqgjZFP2qu/ylm8t.68nWnDqfQfH.',	0,	NULL,	NULL,	'2019-12-13 02:20:57',	'2019-12-13 02:21:35'),
(7,	'juancaji00@hotmail.com',	'2019-12-13 02:45:11',	'$2y$10$ZkCNaC6j3QVTQ9mkujll1.Q5mp1mOsW9FpgbRDpjAgL326Cz0CAH2',	0,	'eI6l8RHewCo13Q7wSqmHYgg2e98BB91xuYlfVj2xWAT386DUHLUJ3RfKjSt8',	NULL,	'2019-12-13 02:44:32',	'2019-12-13 02:45:49'),
(8,	'mlnarayana@gmail.com',	'2019-12-13 05:20:36',	'Password!',	1,	NULL,	NULL,	'2019-12-13 05:20:36',	'2019-12-13 05:20:36'),
(9,	'juancaji00@gmail.com',	NULL,	'$2y$10$UWkvXh6q664mrB5itTN.5esxGt9f0SXauIbERD6hYserc3Rh0IDw2',	0,	NULL,	NULL,	'2019-12-13 15:58:02',	'2019-12-13 15:58:02'),
(10,	'brent@brentscott.com',	'2019-12-13 17:33:31',	'$2y$10$27UmOQOhoL6D8.dcxeBzeukUbw4KbgTe0GuFCyrV5hIHi9xqmKwki',	0,	NULL,	NULL,	'2019-12-13 17:32:34',	'2019-12-13 17:33:31'),
(11,	'juan.jimenez@techie.com',	'2019-12-13 17:37:57',	'$2y$10$agSU6tGj9K6b1wYSBIIrmu7P.GwxTqBjU..l8Rg4Kqif2rzkEm37i',	0,	NULL,	NULL,	'2019-12-13 17:35:45',	'2019-12-13 17:37:57'),
(12,	'guadez-e@webmail.uwinnipeg.ca',	'2019-12-13 17:38:58',	'$2y$10$x2ihJDJcB7mqV3/j.2jcJ.Q3Gu2cpumCbP5X8eXvRxTf80dB3nQHi',	0,	NULL,	NULL,	'2019-12-13 17:37:19',	'2019-12-13 17:38:58'),
(13,	'pringlesinn@gmail.com',	'2019-12-13 17:50:49',	'$2y$10$3z2gYnRKf9qwm8frUjaLS./9N1JzDgSObxRF4B5oX6BCm64fHgzeS',	0,	'FPkZCtu3ETLnaaPcDmwLDzqx2ZGHhCg9EnwShCbefsRj0uKA4GgKCq13FFhu',	NULL,	'2019-12-13 17:39:02',	'2019-12-13 17:50:49'),
(14,	'katie.peters@hotmail.com',	NULL,	'$2y$10$xGtA6bwaH6siRAfkuzCIguu2BI5z8/k/oa5rBmJEplmgapGZMSEOG',	1,	NULL,	NULL,	'2019-12-13 20:37:18',	'2019-12-13 20:37:18');

-- 2019-12-13 20:41:57